CPU Total,CPU Package Temperature,Memory,Used Memory
3.52802277,40,48.9946632,1.91856384
5.060095,40,48.9711838,1.9176445
10.9375,40,49.1102,1.92308807
5.078125,40,49.1250038,1.92366791
2.34375,40,49.13767,1.92416382
0.390625,40,49.1432228,1.92438126
4.6875,40,49.1628036,1.925148
3.515625,40,49.105423,1.92290115
3.125,40,49.0764923,1.92176819
1.5625,39,48.851265,1.91294861
2.692306,40,48.8445435,1.91268539
2.692306,39,48.8412323,1.91255569
2.734375,39,48.8417168,1.91257477
5.078125,40,48.825058,1.91192245
3.90625,40,48.80996,1.91133118
7.30769062,40,48.8466873,1.91276932
3.84615064,39,48.8452263,1.9127121
4.23076725,40,48.8412323,1.91255569
5.46875,40,48.8348,1.91230392
7.8125,40,48.48342,1.89854431
8.203125,40,48.6205826,1.90391541
10.9375,40,49.46879,1.93713
18.75,40,49.9820747,1.95722961
29.296875,43,50.9707565,1.995945
16.40625,40,52.0233421,2.03716278
13.28125,40,53.02293,2.07630539
28.8461571,40,54.2690849,2.125103
27.6923065,40,55.3138771,2.16601563
44.2307663,44,56.7301178,2.22147369
32.8125,41,57.06221,2.234478
10.546875,42,57.10264,2.236061
46.9230766,44,57.76848,2.26213455
88.84615,44,60.0011673,2.3495636
62.3076935,43,61.55194,2.41028976
10.546875,41,61.6740036,2.41506958
46.484375,43,61.5673332,2.41089249
43.75,42,62.138195,2.43324661
19.921875,43,62.29523,2.439396
23.84615,41,62.2191467,2.43641663
20.3846149,44,61.72096,2.41690826
38.0769272,43,61.5492134,2.410183
25.390625,41,61.8769226,2.42301559
30.859375,45,53.59837,2.09883881
8.076918,42,53.2897568,2.08675385
5.859375,41,53.27563,2.08620071
7.8125,41,53.2660828,2.08582687
8.984375,41,52.91022,2.07189178
8.59375,41,52.9500656,2.073452
19.53125,41,52.9172363,2.07216644
8.203125,41,52.99731,2.07530212
10.15625,41,53.7103043,2.103222
14.453125,44,53.7664146,2.10541916
32.421875,41,54.1645546,2.12100983
16.015625,43,54.556366,2.13635254
11.328125,44,54.7155457,2.14258575
17.1875,41,55.2651672,2.16410828
13.28125,41,55.8324242,2.18632126
8.203125,42,55.94309,2.19065475
8.59375,43,56.6313362,2.21760559
8.59375,41,56.6958275,2.220131
18.75,41,56.47664,2.21154785
20.7692318,43,56.4650459,2.211094
30.46875,43,56.6872559,2.21979523
16.40625,41,56.8080521,2.22452545
18.359375,41,57.02714,2.23310471
21.09375,44,57.46717,2.25033569
34.765625,42,59.6412163,2.33546829
22.65625,43,55.56307,2.17577362
4.296875,41,55.3334579,2.16678238
4.296875,41,55.1079369,2.15795135
1.171875,41,55.08378,2.15700531
5.46875,41,55.04676,2.15555573
8.59375,42,55.0055542,2.153942
3.90625,41,54.986557,2.15319824
17.578125,43,54.7468147,2.14381027
18.359375,44,55.16142,2.16004562
50.390625,43,56.32282,2.20552444
26.5625,42,56.5817528,2.215664
18.359375,42,56.5441475,2.21419144
3.90625,41,56.52291,2.21335983
13.28125,44,56.9839859,2.23141479
32.03125,44,56.8045425,2.22438812
10.15625,42,56.4488754,2.21046066
14.0625,42,56.32662,2.20567322
48.4375,43,56.2331963,2.202015
14.84375,42,56.40046,2.20856476
5.859375,42,56.3535042,2.206726
7.04985237,42,56.30285,2.20474243
8.587742,42,56.4971962,2.21235275
14.84375,42,56.21303,2.20122528
7.03125,42,56.1011963,2.196846
23.4375,44,56.25677,2.202938
50,45,55.9795227,2.19208145
9.375,43,55.7336426,2.18245316
15.234375,42,55.3645325,2.16799927
19.99008,42,55.2893257,2.16505432
8.960337,44,55.5843048,2.17660522
17.1875,42,55.6634064,2.17970276
10.15625,41,55.6348648,2.178585
6.67783,42,55.409832,2.169773
10.8894234,43,55.54943,2.17523956
30.46875,44,55.523613,2.17422867
16.015625,42,55.3964844,2.16925049
11.71875,41,55.4659424,2.17197037
6.25,41,55.248703,2.16346359
11.328125,41,55.23682,2.1629982
2.734375,41,55.31154,2.165924
4.296875,41,55.2961464,2.16532135
8.203125,42,55.1638527,2.160141
14.0625,44,54.5576324,2.13640213
23.4375,42,48.8251572,1.91192627
9.412205,41,48.88059,1.91409683
6.22596169,41,48.7259865,1.90804291
14.0625,41,48.6664658,1.90571213
9.375,41,48.644352,1.90484619
6.640625,41,48.6457138,1.9048996
9.375,41,48.9270554,1.91591644
17.96875,44,49.09539,1.92250824
30.859375,44,49.66216,1.94470215
11.71875,45,49.78052,1.949337
29.296875,45,49.7620125,1.94861221
25.78125,43,48.9193573,1.91561508
31.640625,44,48.80694,1.91121292
28.515625,43,48.7456665,1.90881348
28.90625,44,48.6348038,1.90447235
30.30494,45,48.98297,1.91810608
29.4152489,45,49.31867,1.93125153
24.21875,45,49.66781,1.9449234
13.671875,42,49.6582642,1.94454956
24.609375,45,49.6355667,1.94366074
28.515625,42,49.46343,1.93692017
7.03125,42,49.60371,1.94241333
16.796875,42,49.4635277,1.936924
17.578125,45,49.56523,1.94090652
19.23077,45,49.4834,1.93770218
16.015625,45,49.0098572,1.91915894
18.75,42,49.2408333,1.92820358
16.9230824,45,49.416378,1.93507767
16.53846,45,49.32169,1.93136978
17.1875,43,49.2456055,1.9283905
19.140625,43,49.22505,1.9275856
15.234375,45,49.29675,1.93039322
15.7692318,43,48.88351,1.91421127
23.8461552,45,49.1712761,1.92547989
17.69231,45,49.1718636,1.92550278
38.28125,43,49.02184,1.91962814
33.984375,46,49.3175,1.93120575
41.40625,45,49.7969856,1.94998169
42.1875,44,49.99045,1.95755768
33.984375,43,50.312027,1.97015
44.6153831,43,50.39327,1.97333145
21.1538429,46,50.6096344,1.98180389
27.34375,45,50.40019,1.97360229
37.109375,46,50.7818642,1.98854828
43.07692,46,50.89039,1.99279785
48.046875,45,51.0273552,1.99816132
30.46875,46,50.7046127,1.98552322
24.2307663,45,50.9397774,1.9947319
26.1538448,45,50.9452324,1.99494553
28.90625,46,50.840313,1.9908371
13.7214775,43,50.9648132,1.99571228
15.71095,44,51.1620827,2.003437
58.984375,46,52.44905,2.053833
29.296875,45,52.9700356,2.074234
19.53125,44,53.1107025,2.07974243
21.1538429,45,52.8655052,2.07014084
16.5384655,45,52.6923,2.06335831
25,46,53.0058823,2.07563782
15.625,45,52.752697,2.06572342
23.828125,43,52.85625,2.06977844
21.92307,43,53.044754,2.07716
15.3846149,44,52.9601,2.073845
25,43,52.46376,2.054409
17.96875,46,52.2530479,2.04615784
17.578125,43,52.49279,2.05554581
19.140625,44,52.4322968,2.05317688
24.609375,43,52.0719528,2.03906631
37.5,44,52.679245,2.06284714
60.546875,47,53.02157,2.076252
86.92307,47,53.3259964,2.088173
64.453125,46,53.44991,2.09302521
40.234375,45,53.49082,2.09462738
42.96875,44,53.5944748,2.09868622
8.984375,44,53.58045,2.098137
8.461541,45,53.7977829,2.10664749
0.7692337,43,53.5676842,2.09763718
8.203125,43,53.5801544,2.09812546
31.25,47,53.57041,2.097744
30.859375,43,53.55093,2.096981
11.71875,46,53.7750854,2.10575867
14.84375,45,53.9555969,2.1128273
7.421875,43,54.13504,2.119854
7.8125,43,54.1441956,2.12021255
22.3076935,45,54.4846649,2.133545
20.7692261,45,54.4707375,2.13299942
13.28125,43,54.80098,2.14593124
26.5625,47,55.30248,2.16556931
44.23077,45,55.9695854,2.19169235
55.078125,43,55.4172363,2.170063
10.15625,43,55.4371071,2.17084122
33.984375,46,56.16432,2.199318
29.296875,44,55.981472,2.19215775
9.765625,43,55.9725075,2.19180679
18.75,46,55.7806969,2.18429565
19.921875,43,56.5451241,2.21422958
28.90625,46,57.5076942,2.25192261
17.578125,44,57.0017128,2.232109
19.53125,44,56.8325,2.225483
21.484375,46,57.1713181,2.23875046
22.265625,45,56.9272881,2.22919464
25.3846169,45,56.7722969,2.22312546
16.40625,46,56.63299,2.21767044
38.671875,45,57.1267967,2.23700714
11.5384579,43,57.42051,2.24850845
26.171875,45,57.52114,2.252449
27.34375,45,57.549,2.25354
29.6875,43,57.31676,2.2444458
7.8125,43,57.3249435,2.24476624
15.625,44,57.3060455,2.24402618
16.796875,45,57.50955,2.251995
55.46875,47,57.98796,2.270729
48.4375,46,58.0651131,2.27375031
42.96875,44,57.9172363,2.26795959
59.375,45,58.0767059,2.27420425
17.1875,45,58.0261459,2.27222443
30.859375,47,58.1457748,2.27690887
54.296875,47,58.0816727,2.2743988
39.84375,44,58.0216637,2.272049
20.703125,46,57.967598,2.26993179
48.4375,47,57.8927841,2.267002
46.484375,47,57.8517723,2.265396
53.90625,48,57.83638,2.2647934
28.515625,45,57.81446,2.263935
17.1875,45,57.8135834,2.26390076
28.515625,47,57.8082275,2.263691
57.03125,44,57.7999458,2.2633667
44.53125,45,57.37219,2.24661636
29.296875,46,57.36225,2.24622726
14.84375,46,57.3512459,2.2457962
40.234375,47,57.3373146,2.2452507
35.384613,45,57.3377037,2.245266
12.6923084,45,57.330204,2.24497223
16.53846,45,56.9619675,2.23055267
36.328125,46,56.9549561,2.230278
40.234375,45,57.0076561,2.23234177
32.03125,44,57.014183,2.23259735
12.5,45,56.7026443,2.220398
14.0625,44,56.6327972,2.21766281
11.328125,44,56.6352348,2.21775818
23.4375,47,56.96869,2.230816
21.875,44,56.7777557,2.223339
19.140625,45,57.230545,2.24106979
12.5,44,56.7638245,2.22279358
13.28125,44,56.7702522,2.22304535
17.6923027,44,56.65384,2.21848679
17.578125,44,56.8108749,2.224636
16.9230766,44,56.79607,2.22405624
16.1538486,46,56.761776,2.22271347
10.15625,43,56.76782,2.22295
15.234375,46,56.68297,2.21962738
14.6153812,44,56.81643,2.22485352
15.7692318,44,56.74697,2.22213364
18.75,46,56.5928574,2.21609879
18.359375,45,56.73489,2.22166061
13.4615364,44,56.7651863,2.222847
12.3076916,46,56.59734,2.21627426
14.6153812,44,56.53782,2.21394348
21.875,46,57.2071648,2.24015427
17.6923027,44,56.89251,2.22783279
12.6923084,43,56.7757072,2.223259
13.28125,46,56.9433632,2.229824
15.3846149,46,56.8157463,2.22482681
16.796875,43,56.8271446,2.22527313
19.921875,45,56.7374229,2.2217598
21.1538429,46,56.70927,2.22065735
32.03125,45,56.7603149,2.22265625
20.7692261,46,57.1983,2.23980713
20.3125,46,56.81838,2.22492981
19.921875,44,57.0738029,2.234932
19.140625,45,56.9092674,2.228489
30.859375,47,56.7743454,2.22320557
19.921875,45,56.781456,2.223484
23.046875,43,56.8004532,2.224228
18.359375,45,56.65764,2.21863556
27.34375,45,56.82305,2.225113
18.359375,45,56.7346,2.22164917
25.78125,46,56.78009,2.22343063
26.171875,43,56.6099052,2.21676636
10.546875,43,56.5670433,2.215088
8.203125,43,56.71609,2.22092438
10.546875,43,56.7757072,2.223259
5.769229,43,56.75262,2.222355
3.90625,43,56.4624176,2.210991
3.125,42,56.44196,2.21018982
6.640625,43,56.3888664,2.20811081
3.46153975,43,56.3461,2.20643616
9.375,46,56.2883339,2.204174
11.9230747,43,56.26622,2.203308
25.390625,45,56.3353844,2.20601654
24.609375,46,56.1159058,2.197422
21.484375,47,56.1711426,2.199585
46.1538429,44,56.4825821,2.21178055
18.75,45,56.4982643,2.21239471
27.734375,45,56.55155,2.21448135
20.3125,44,56.73255,2.221569
29.296875,44,56.978138,2.231186
14.6153812,43,56.19082,2.20035553
27.6923065,45,56.0482979,2.19477463
29.61538,45,56.3795166,2.2077446
36.15384,45,56.435627,2.20994186
23.4375,45,56.32438,2.20558548
20.703125,47,56.4255943,2.209549
22.65625,45,56.14513,2.19856644
23.828125,43,56.2026062,2.200817
3.125,43,56.441082,2.21015549
3.125,43,56.41254,2.20903778
8.984375,43,56.5986061,2.21632385
19.53125,43,56.6669922,2.21900177
5.46875,43,56.64205,2.21802521
13.0769253,46,56.6051331,2.21657944
16.53846,43,56.5601273,2.214817
30.0000019,45,56.452774,2.21061325
12.5,43,56.216732,2.20137024
38.28125,45,56.2690468,2.20341873
10.546875,44,56.0500526,2.19484329
13.671875,45,55.85795,2.18732071
33.07692,46,56.4371872,2.210003
23.0769157,43,56.30012,2.20463562
25,46,56.3526268,2.20669174
21.484375,43,56.1122055,2.197277
15.625,44,56.0247231,2.19385147
8.984375,46,56.1237,2.1977272
23.4375,43,56.1445465,2.19854355
21.875,44,56.3991928,2.20851517
33.8461533,47,56.69164,2.219967
22.265625,44,56.4932976,2.21220016
25,46,56.2584267,2.203003
32.8125,45,56.2550163,2.20286942
22.65625,46,56.525444,2.213459
39.0625,46,56.36432,2.20714951
30.078125,45,56.3215523,2.20547485
16.40625,43,56.2279358,2.201809
23.4375,46,56.134903,2.198166
16.1538429,46,56.2482,2.20260239
26.953125,46,56.15224,2.198845
28.0769234,45,56.1268158,2.19784927
28.125,46,56.27333,2.20358658
28.8461514,47,56.477417,2.21157837
23.828125,46,56.8964081,2.22798538
50.78125,45,56.7442436,2.22202682
22.3076935,47,56.2870674,2.20412445
37.6923065,47,55.24783,2.16342926
23.4615326,45,55.34125,2.16708755
26.5625,46,55.18246,2.1608696
12.6923084,45,55.23185,2.16280365
29.296875,46,55.1012154,2.15768814
26.538456,45,55.2102242,2.16195679
17.3076935,46,55.157814,2.15990448
21.484375,45,55.2097359,2.16193771
25,45,55.06186,2.156147
10.9375,45,54.9378471,2.151291
13.0769253,44,54.9678535,2.15246582
11.71875,44,55.0503654,2.15569687
8.203125,44,55.0205536,2.15452957
19.140625,45,55.0435448,2.15542984
9.765625,44,54.9112549,2.15024948
30.859375,46,54.9703865,2.152565
10.546875,46,55.01948,2.15448761
17.578125,46,54.99474,2.15351868
23.4375,46,54.9877243,2.153244
12.109375,43,55.0820236,2.15693665
24.609375,44,55.0010719,2.15376663
10.384613,43,54.9434,2.15150833
19.53125,44,55.0414,2.155346
14.84375,44,54.9903564,2.153347
11.71875,44,55.0049667,2.15391922
19.140625,46,55.01422,2.15428162
25,44,55.2299042,2.16272736
12.3076916,44,55.2263947,2.16259
26.15385,46,55.23867,2.16307068
20.7692318,43,55.264,2.1640625
29.6875,47,55.28923,2.16505051
23.4615383,43,55.2639,2.16405869
48.4375,44,55.2564964,2.16376877
19.53125,45,55.21451,2.16212463
13.28125,46,55.4586372,2.17168427
20.3125,46,55.1660957,2.16022873
16.40625,44,55.3990173,2.16934967
32.421875,45,55.50637,2.17355347
9.375,43,55.4005775,2.16941071
26.5625,46,55.16863,2.160328
32.03125,47,55.1150475,2.15822983
32.8125,45,55.1917152,2.161232
15.625,46,55.26731,2.1641922
24.609375,46,54.98987,2.153328
25.48983,44,55.06225,2.15616226
17.1394234,44,54.8265,2.14693069
11.328125,44,54.56455,2.136673
10.9375,44,54.3854,2.12965775
12.109375,43,54.2312851,2.123623
14.0625,46,54.34302,2.12799835
23.4375,46,54.19076,2.122036
11.71875,44,54.043663,2.11627579
16.015625,46,54.2162857,2.12303543
12.5,45,54.3244171,2.12726974
17.578125,46,54.45749,2.13248062
26.171875,46,54.3640633,2.12882233
27.34375,47,54.4251442,2.13121414
31.640625,46,54.4247551,2.131199
16.796875,46,54.60371,2.13820648
16.796875,44,52.0135,2.0367775
12.109375,47,51.75457,2.026638
23.828125,46,51.94005,2.03390121
5.078125,43,51.4555969,2.01493073
0.7692337,43,51.4488754,2.01466751
1.15385056,43,51.4447861,2.01450729
1.92307234,42,51.40163,2.01281738
1.53846145,43,51.3984146,2.0126915
0.7692337,42,51.3915939,2.01242447
0.384616852,41,51.38877,2.01231384
9.999996,42,51.4282227,2.0138588
8.59375,42,51.3535042,2.010933
6.640625,42,51.37864,2.011917
13.07692,42,51.58867,2.0201416
4.296875,42,51.676342,2.02357483
0.7692337,43,51.6909561,2.024147
0.78125,43,51.70099,2.02454
1.53846741,42,51.6656265,2.02315521
11.153841,42,51.82393,2.029354
6.25,42,51.8996239,2.032318
6.153846,42,52.97812,2.07455063
4.23076725,42,53.0517654,2.07743454
8.461541,42,53.9826775,2.11388779
1.9230783,42,53.94683,2.112484
1.15384459,41,53.94771,2.11251831
1.953125,41,53.8469772,2.108574
5.46875,42,53.74625,2.10462952
8.984375,42,53.67192,2.101719
4.6875,42,53.8483429,2.10862732
3.125,41,53.8532143,2.108818
2.30768919,41,53.8011932,2.106781
7.8125,42,53.8032379,2.106861
17.96875,42,53.96378,2.11314774
6.25,42,54.0856476,2.11792
11.71875,42,54.28029,2.12554169
12.890625,42,54.06149,2.11697388
1.171875,42,53.9422531,2.11230469
3.125,41,53.7121544,2.10329437
4.6153903,42,53.5443039,2.09672165
19.6153812,42,53.4639359,2.09357452
8.846151,42,53.5483971,2.09688187
5.46875,42,53.59282,2.09862137
16.9230766,42,53.7707024,2.105587
13.4615364,44,53.8252525,2.10772324
13.07692,44,53.8067436,2.10699844
22.265625,45,54.73376,2.143299
15.7692318,42,54.69937,2.14195251
7.8125,45,54.62134,2.138897
21.484375,43,54.81189,2.14635849
23.828125,42,54.8509521,2.14788818
7.8125,42,54.8558235,2.148079
9.765625,44,54.9925957,2.15343475
36.328125,46,55.0604,2.15608978
11.71875,42,55.05543,2.15589523
4.6875,42,55.1188469,2.1583786
8.984375,45,55.1441765,2.15937042
13.28125,42,55.161808,2.160061
17.1875,46,55.2976074,2.16537857
15.625,42,55.27306,2.16441727
14.0625,43,55.4681854,2.172058
26.171875,42,55.87597,2.18802643
26.171875,46,56.2038727,2.2008667
33.4615364,46,56.33344,2.20594025
34.5238075,47,56.2746964,2.20364
39.453125,45,56.3117142,2.20508957
26.5625,46,56.5037231,2.21260834
35.9375,46,56.44985,2.21049881
36.328125,46,56.52145,2.21330261
28.125,46,56.57503,2.2154007
30.078125,48,56.6164322,2.217022
43.4615326,46,56.6959229,2.22013474
30.9523754,46,56.8094139,2.22457886
7.03125,43,56.84575,2.22600174
2.734375,43,56.86504,2.226757
2.734375,43,56.6775131,2.21941376
5.078125,43,56.6661148,2.21896744
4.296875,43,56.6347466,2.217739
4.6875,43,56.63494,2.21774673
4.6875,43,56.62588,2.217392
1.96552277,43,56.62257,2.21726227
6.640625,43,56.6051331,2.21657944
4.26682854,43,56.5670433,2.215088
9.375,43,56.53022,2.213646
4.6875,44,56.5092735,2.21282578
11.71875,43,56.7270966,2.22135544
2.34375,43,55.5941429,2.17699051
16.40625,46,55.90802,2.18928146
13.28125,43,55.9581871,2.191246
1.171875,43,55.93033,2.190155
3.515625,42,55.9148369,2.18954849
1.953125,42,55.92955,2.19012451
4.6875,43,55.94046,2.19055176
9.375,42,56.1411362,2.19841
16.015625,42,55.9873161,2.19238663
4.693699,43,55.92419,2.1899147
5.859375,42,56.093792,2.196556
8.203125,42,56.2343636,2.2020607
2.734375,42,56.250145,2.20267868
9.765625,42,56.2770348,2.20373154
8.203125,43,56.0398254,2.19444275
19.53125,46,56.16101,2.19918823
23.828125,45,56.168705,2.19948959
26.5625,45,56.34279,2.20630646
27.734375,45,56.35253,2.206688
28.515625,44,56.56149,2.21487045
27.734375,45,56.6780968,2.21943665
29.296875,45,56.9315758,2.22936249
26.5625,45,57.2129135,2.24037933
32.421875,45,57.2581139,2.24214935
26.5625,45,57.4583054,2.24998856
27.734375,46,57.65499,2.25769043
27.34375,46,57.85674,2.26559067
27.734375,45,58.0580025,2.27347183
27.34375,45,58.10817,2.2754364
15.625,44,56.1227264,2.197689
8.984375,45,56.12662,2.19784164
21.09375,43,56.2166367,2.20136642
9.765625,43,56.3396721,2.20618439
6.25,43,56.3626633,2.20708466
8.59375,43,55.8731461,2.1879158
11.328125,43,55.829113,2.18619156
12.890625,43,55.7815742,2.18433
6.640625,43,55.7958946,2.18489075
7.8125,43,55.7977448,2.18496323
7.03125,43,55.8056335,2.18527222
3.125,42,55.7994957,2.185032
2.34375,42,55.801445,2.18510818
2.734375,42,55.7981339,2.18497849
4.6875,42,55.59921,2.17718887
1.5625,42,55.595314,2.17703629
5.46875,42,55.58937,2.17680359
4.6875,42,55.5681343,2.175972
10.9375,42,55.5694,2.17602158
7.421875,42,55.5725174,2.17614365
8.984375,43,55.5694,2.17602158
30.859375,43,55.7180557,2.1818428
17.96875,45,55.83379,2.18637466
11.328125,43,55.81596,2.18567657
16.40625,43,56.1950073,2.20051956
4.6875,42,56.1732826,2.199669
5.505955,42,56.15244,2.19885254
2.71033645,42,56.13656,2.19823074
2.34375,42,56.13617,2.19821548
1.953125,42,55.9251633,2.18995285
2.734375,42,55.8942833,2.18874359
2.34375,41,55.89136,2.18862915
1.953125,41,55.8871727,2.188465
2.34375,42,55.88415,2.18834686
2.34375,43,55.8780136,2.18810654
3.125,42,55.87977,2.1881752
1.171875,41,55.8526878,2.18711472
2.33774185,41,55.8477173,2.18692017
1.171875,41,55.8452835,2.1868248
1.171875,41,55.8452835,2.1868248
2.34375,42,55.79258,2.184761
5.078125,43,55.8032,2.18517685
1.953125,42,55.8032,2.18517685
2.734375,42,55.8011551,2.18509674
2.34375,42,55.8015442,2.185112
6.25,42,55.7900467,2.18466187
5.859375,42,55.81791,2.18575287
1.953125,42,55.8003731,2.18506622
5.46875,43,55.39259,2.169098
4.6875,40,52.9684753,2.074173
1.171875,41,52.95396,2.07360458
5.078125,41,52.9495773,2.073433
5.859375,42,52.9073944,2.07178116
2.734375,41,52.8913231,2.07115173
5.078125,41,52.8883,2.07103348
5.078125,41,50.7248764,1.98631668
8.203125,43,50.63077,1.98263168
16.40625,41,50.50491,1.97770309
3.125,41,50.50121,1.97755814
8.984375,41,50.5004272,1.97752762
3.515625,40,50.4989662,1.9774704
4.296875,40,50.4956551,1.9773407
3.87619734,40,50.49692,1.97739029
3.88221145,40,50.49624,1.97736359
3.8461566,40,50.4961433,1.97735977
3.125,40,50.4888344,1.97707367
1.15385056,40,50.4475327,1.97545624
4.296875,40,50.4448051,1.97534943
1.171875,40,50.4423676,1.975254
1.53846145,40,50.3508949,1.971672
1.171875,40,50.34622,1.971489
1.15385056,40,50.33979,1.97123718
0.7692337,39,50.3351135,1.97105408
3.076923,39,50.3137779,1.97021866
0.78125,40,50.31183,1.97014236
5.46875,40,50.3053,1.96988678
1.9230783,40,50.29712,1.96956635
1.5625,39,50.2942963,1.96945572
1.171875,39,50.2920532,1.969368
1.19707584,39,50.28777,1.96920013
0.757575035,39,50.2841644,1.969059
1.171875,40,50.2841644,1.969059
0.793647766,39,50.2814369,1.96895218
3.467548,39,50.2776375,1.96880341
1.953125,40,50.27345,1.96863937
1.171875,39,50.2705269,1.96852493
0.793647766,39,50.26575,1.968338
1.953125,39,50.2593231,1.96808624
1.171875,39,50.25913,1.96807861
1.95932388,39,50.25562,1.96794128
1.9411087,39,50.2536736,1.967865
4.296875,39,50.2484131,1.967659
2.35614777,39,50.2110023,1.96619415
1.15385056,38,50.19542,1.9655838
1.171875,39,50.1918144,1.96544266
1.5625,40,50.18587,1.96521
1.171875,39,50.1864548,1.96523285
1.171875,39,50.1856766,1.96520233
1.953125,39,50.18392,1.96513367
3.90625,39,50.1826553,1.96508408
1.5625,39,50.180027,1.96498108
1.171875,39,50.17954,1.964962
1.5625,38,50.1751556,1.96479034
1.5625,38,50.17496,1.96478271
1.5625,39,50.1717453,1.96465683
1.5625,39,50.1702843,1.96459961
0.78125,39,50.16668,1.96445847
3.076923,40,50.1659,1.964428
2.30768919,39,50.1631737,1.96432114
0.7692337,38,50.1622963,1.9642868
1.16586685,39,50.1593742,1.96417236
1.14802122,39,50.1599579,1.96419525
0.7692337,38,50.158886,1.96415329
1.18447542,39,50.15713,1.96408463
1.52115226,38,50.1525536,1.96390533
1.92307234,40,50.1484642,1.96374512
2.349949,39,50.14778,1.96371841
0.775241852,38,50.1434,1.96354675
3.05395722,38,49.93181,1.95526123
0.7692337,38,49.93278,1.95529938
1.171875,38,49.9307365,1.95521927
1.53846145,39,49.92606,1.95503616
1.171875,38,49.9282036,1.95512009
1.171875,39,49.92752,1.95509338
3.125,39,49.9270363,1.95507431
1.16586685,38,49.92421,1.95496368
1.1598587,39,49.926548,1.95505524
0.78125,38,49.9245033,1.95497513
1.15385056,38,49.92421,1.95496368
1.15385056,38,49.9209938,1.9548378
1.171875,39,49.92372,1.95494461
1.57510042,39,49.9231377,1.95492172
4.62831259,39,49.9144669,1.95458221
2.35634446,39,49.90901,1.95436859
1.5504837,38,49.9115448,1.95446777
1.5625,39,49.91135,1.95446014
1.15385056,38,49.9082336,1.95433807
1.171875,38,49.90726,1.95429993
1.5625,39,49.9097939,1.95439911
1.1598587,38,49.9087219,1.95435715
20.4179039,42,50.18246,1.96507645
3.515625,39,50.1788559,1.9649353
3.49158645,39,50.1664848,1.96445084
3.14980149,39,50.1627846,1.96430588
6.592548,40,50.160347,1.96421051
21.09375,39,50.1709671,1.96462631
3.125,39,50.16824,1.9645195
9.430801,40,50.1653175,1.96440506
5.072117,39,50.16473,1.96438217
3.125,39,50.16619,1.96443939
6.53846264,39,50.18324,1.965107
1.18427277,39,50.1759338,1.96482086
1.953125,39,50.1754456,1.96480179
3.10696959,39,50.177494,1.9648819
1.953125,39,50.1718445,1.96466064
1.53846741,39,50.1695061,1.96456909
4.2367754,39,50.171257,1.96463776
2.72836685,39,50.1696,1.96457291
3.90625,40,50.16668,1.96445847
3.90625,39,50.16444,1.96437073
4.6875,39,50.16863,1.96453476
3.90625,39,50.1664848,1.96445084
3.515625,40,50.1613235,1.96424866
2.734375,39,50.1585922,1.96414185
9.375,41,50.161808,1.96426773
5.078125,39,50.13775,1.9633255
14.453125,39,50.1050148,1.96204376
5.46875,39,50.1121254,1.96232224
5.000001,39,50.1130028,1.96235657
21.484375,42,50.3053,1.96988678
23.4375,39,50.5744667,1.98042679
4.615384,39,50.5798225,1.9806366
6.538457,40,50.5705681,1.9802742
6.92307949,39,50.5400772,1.9790802
11.9230747,42,50.5414429,1.97913361
12.3015881,39,50.4749069,1.97652817
4.6875,39,50.45201,1.97563171
7.421875,39,50.4470444,1.97543716
2.734375,39,50.4451942,1.97536469
2.36854553,39,50.4480171,1.97547531
4.26082039,39,50.4455833,1.97538
1.953125,39,50.4006729,1.97362137
2.349949,39,50.3135834,1.970211
1.953125,39,50.312027,1.97015
1.953125,39,50.2811432,1.96894073
2.35614777,39,50.2780266,1.96881866
1.5625,39,50.2799759,1.968895
1.5625,39,50.27793,1.96881485
4.296875,39,50.25864,1.96805954
8.59375,39,50.2256165,1.96676636
2.734375,39,50.2728653,1.96861649
1.57489777,39,50.29975,1.96966934
3.49158645,39,50.3425179,1.971344
12.109375,39,50.6575623,1.98368073
19.2460289,42,50.71845,1.98606491
35.8173065,40,51.0578461,1.99935532
9.765625,41,51.0100136,1.9974823
22.65625,39,51.02755,1.998169
25,40,51.0386543,1.99860382
4.6875,40,51.0306664,1.998291
7.8125,41,50.8783073,1.99232483
27.734375,40,50.83408,1.990593
29.6875,40,51.32126,2.00967026
16.015625,39,51.06759,1.99973679
5.46875,40,51.0483971,1.99898529
8.846151,39,51.0303726,1.99827957
9.230768,40,51.0487862,1.99900055
6.53846264,40,51.0632057,1.99956512
22.65625,40,51.1435738,2.00271225
5.859375,40,51.1873131,2.004425
4.615384,40,51.17046,2.003765
4.615384,39,51.16627,2.003601
4.23076725,39,51.1585732,2.00329971
5.859375,39,51.0021248,1.99717331
4.6875,39,50.99696,1.99697113
1.5625,39,50.9941368,1.9968605
4.296875,40,50.992382,1.99679184
6.25,39,50.9955978,1.99691772
24.21875,41,50.96189,1.99559784
5.46875,39,50.95702,1.9954071
22.65625,42,50.9867325,1.99657059
26.5625,40,51.0100136,1.9974823
3.125,40,51.0205345,1.99789429
2.30769515,39,51.0187836,1.99782562
4.61537838,39,51.0016365,1.99715424
2.74677277,39,51.0015373,1.99715042
3.1129837,40,50.955265,1.99533844
8.203125,39,51.0038757,1.997242
3.515625,40,51.00193,1.99716568
29.4642868,40,51.0369,1.99853516
9.687501,41,51.07801,2.000145
4.6875,42,50.8800621,1.99239349
5.46875,40,51.0174179,1.99777222
3.90625,40,50.81937,1.99001694
48.4375,43,51.811264,2.02885818
33.4883461,40,52.3383865,2.04949951
2.7223587,40,52.31569,2.04861069
9.580421,42,52.1915779,2.04375076
67.1875,44,56.84955,2.22615051
28.515625,43,57.2581139,2.24214935
17.96875,41,57.61281,2.25603867
13.0769253,42,57.5925446,2.25524521
14.84375,42,57.56449,2.25414658
24.609375,42,57.5623474,2.25406265
21.484375,42,57.02782,2.23313141
19.53125,42,57.0138931,2.232586
10.9375,42,57.0133057,2.232563
9.765625,41,56.99889,2.23199844
28.515625,43,56.9727821,2.230976
34.375,43,57.38914,2.24728012
32.8125,45,57.48831,2.25116348
16.40625,42,57.5620537,2.25405121
42.578125,45,57.535656,2.25301743
39.84375,42,58.0904427,2.27474213
29.6875,44,58.25303,2.28110886
26.953125,42,58.37597,2.285923
42.578125,44,58.5409927,2.292385
73.4375,46,59.21268,2.31868744
69.140625,48,61.17387,2.395485
59.765625,44,61.4225731,2.40522385
27.734375,43,61.269825,2.3992424
48.046875,47,61.99889,2.4277916
18.75,43,62.1552429,2.43391418
16.40625,43,62.2917252,2.43925858
37.5,45,63.3057327,2.47896576
49.21875,47,63.3509331,2.48073578
32.421875,48,63.85516,2.50048065
83.203125,48,64.12013,2.51085663
33.984375,47,63.0379333,2.46847916
25.390625,45,64.5714645,2.52853012
25,44,64.4985046,2.525673
11.328125,44,64.28399,2.517273
39.453125,48,64.365036,2.52044678
33.203125,45,64.36299,2.52036667
31.25,48,64.6323547,2.53091431
21.09375,45,64.42972,2.52297974
31.25,45,64.39339,2.52155685
15.234375,45,64.12861,2.51118851
17.1875,44,64.11721,2.51074219
7.03125,44,64.08263,2.509388
12.109375,44,64.0573,2.50839615
13.28125,44,64.02291,2.50704956
14.84375,44,64.04814,2.50803757
19.921875,46,64.09393,2.50983047
20.7692261,45,64.118576,2.51079559
18.359375,44,64.19359,2.513733
20.3125,45,64.1087341,2.51041031
18.75,44,63.8435669,2.5000267
16.40625,45,63.7815132,2.49759674
25.390625,48,63.8350945,2.49969482
22.65625,45,63.699,2.49436569
13.28125,46,63.7321243,2.49566269
17.1875,45,63.7524834,2.49646
17.96875,44,63.6892624,2.49398422
23.046875,45,63.39185,2.482338
19.53125,45,62.809494,2.45953369
19.140625,46,62.8517723,2.46118927
20.703125,45,62.84388,2.46088028
18.359375,45,62.74481,2.45700073
10.15625,45,62.7422752,2.45690155
10.9375,45,62.7404251,2.456829
11.71875,45,62.8519669,2.461197
14.84375,44,62.8303375,2.46035
12.890625,45,62.83599,2.46057129
13.671875,44,62.89921,2.463047
21.875,44,63.0618973,2.46941757
17.578125,45,63.1532745,2.47299576
8.203125,43,63.1789932,2.47400284
7.03125,44,63.1819153,2.47411728
5.46875,43,63.1800652,2.4740448
9.375,43,63.1800652,2.4740448
7.421875,43,63.21757,2.47551346
7.8125,43,63.2164,2.47546768
8.59375,44,63.2120171,2.475296
6.640625,43,63.1863976,2.47429276
6.25,44,63.1900978,2.47443771
6.538457,44,63.19068,2.4744606
5.078125,44,63.1867867,2.474308
8.984375,44,63.0725174,2.46983337
8.203125,44,63.03345,2.46830368
8.984375,43,62.96604,2.465664
6.640625,44,62.9568825,2.46530533
5.46875,44,62.9322357,2.46434021
7.421875,43,62.93857,2.46458817
7.03125,44,62.93925,2.46461487
7.8125,43,62.9373,2.46453857
10.546875,44,62.9399338,2.46464157
7.421875,42,62.9137268,2.46361542
10.15625,43,62.91733,2.46375656
5.859375,43,62.9101219,2.46347427
4.6875,43,62.9067154,2.46334076
4.615384,43,62.90652,2.46333313
5.078125,43,62.901844,2.46315
7.421875,44,62.8803139,2.462307
6.53846264,43,62.8837242,2.46244049
8.59375,43,62.87583,2.4621315
7.8125,43,62.8784637,2.4622345
7.05605125,43,62.8765144,2.4621582
8.954329,43,62.8792419,2.462265
7.421875,43,62.87476,2.46208954
6.640625,42,62.84914,2.46108627
6.640625,42,62.8474846,2.46102142
8.203125,42,62.92922,2.464222
17.1875,45,62.6835327,2.45460129
13.671875,43,62.67613,2.45431137
5.859375,42,62.67798,2.45438385
7.421875,43,62.67564,2.4542923
14.0625,45,62.7450027,2.45700836
16.40625,42,62.7550354,2.45740128
7.421875,44,62.7670174,2.45787048
23.828125,45,62.77072,2.45801544
28.125,44,62.77627,2.45823288
16.015625,43,62.7960472,2.45900726
16.40625,44,62.7955627,2.45898819
16.015625,44,62.7490959,2.45716858
14.453125,44,62.7467575,2.457077
14.453125,45,62.8255653,2.460163
23.4375,45,62.9298973,2.46424866
15.234375,44,62.8423233,2.46081924
21.484375,45,63.15639,2.47311783
19.921875,44,63.55609,2.48876953
8.984375,43,63.24056,2.47641373
49.21875,47,64.47571,2.52478027
50.390625,48,64.54799,2.52761078
50,48,65.171936,2.552044
45.3125,48,65.66321,2.57128143
45.703125,48,66.2036743,2.59244537
44.53125,48,67.2699,2.63419724
36.328125,48,68.32054,2.67533875
41.40625,47,69.2684,2.71245575
23.4375,48,69.69216,2.72904968
18.359375,46,69.9111557,2.73762512
12.890625,46,69.96415,2.73970032
14.0625,45,70.07939,2.744213
8.59375,47,70.117775,2.745716
16.40625,45,70.04559,2.7428894
13.28125,46,70.01802,2.74180984
18.75,45,72.38018,2.83430862
8.984375,45,72.3571854,2.83340836
8.984375,45,72.4294739,2.83623886
12.890625,45,72.5867,2.84239578
11.3591251,45,72.67418,2.84582138
11.1188774,45,72.8275146,2.85182571
15.8730145,45,72.89785,2.85458
17.1875,46,73.00277,2.85868835
19.53125,45,73.13545,2.863884
17.1875,45,73.10359,2.86263657
12.890625,45,73.0736847,2.86146545
28.125,47,73.3085556,2.87066269
46.09375,48,73.30174,2.87039566
58.984375,48,73.28391,2.86969757
51.171875,47,73.3521042,2.87236786
47.265625,48,73.46861,2.87693024
25,47,73.78083,2.88915634
31.640625,46,73.59272,2.88179016
34.765625,46,73.63188,2.88332367
13.3246536,45,73.7713852,2.88878632
23.353363,46,73.8154144,2.89051056
20.703125,45,74.03412,2.89907455
21.484375,47,73.98833,2.89728165
28.125,46,74.03012,2.89891815
7.8125,45,74.0287552,2.89886475
10.546875,46,74.0273,2.89880753
6.640625,45,74.02408,2.89868164
9.765625,46,74.08974,2.90125275
5.859375,45,74.0648041,2.90027618
8.984375,45,74.06334,2.900219
9.765625,45,74.06656,2.90034485
11.328125,46,74.06646,2.900341
9.765625,46,74.05974,2.90007782
8.203125,47,74.05954,2.90007019
10.546875,46,74.05954,2.90007019
8.59375,46,74.05954,2.90007019
10.15625,46,74.05818,2.90001678
11.71875,48,73.9516,2.89584351
19.53125,45,72.61641,2.84355927
13.671875,46,72.5846558,2.84231567
8.59375,46,72.58017,2.8421402
12.890625,45,72.5778351,2.84204865
10.546875,45,72.54764,2.840866
15.625,45,72.7151947,2.84742737
11.71875,46,72.70292,2.84694672
13.28125,45,72.70613,2.8470726
7.03125,45,72.70604,2.84706879
16.40625,45,72.69152,2.8465004
13.28125,47,72.69064,2.846466
26.5625,48,71.59071,2.80339432
22.265625,46,70.60437,2.76477051
11.328125,45,70.58976,2.7641983
10.9375,45,70.58284,2.76392746
12.890625,45,70.58187,2.76388931
12.5,44,70.57787,2.763733
15.6808014,45,70.58372,2.76396179
15.5829315,45,70.58284,2.76392746
14.0625,45,70.58304,2.763935
15.234375,45,70.58245,2.7639122
10.546875,44,70.58226,2.76390457
9.765625,45,70.56014,2.76303864
9.765625,45,70.55605,2.76287842
15.625,44,70.53657,2.76211548
15.234375,45,70.5356,2.76207733
10.9375,44,70.53511,2.76205826
12.5,44,70.53647,2.76211166
9.765625,44,70.54115,2.76229477
11.328125,44,70.5160141,2.76131058
9.765625,44,70.5160141,2.76131058
8.984375,45,70.5119247,2.76115036
10.15625,44,70.5159149,2.76130676
7.421875,45,70.5155258,2.7612915
14.0625,44,70.5112457,2.76112366
9.765625,44,70.51543,2.76128769
9.765625,44,70.50384,2.76083374
7.03125,44,70.50287,2.76079559
9.375,45,70.4714,2.75956345
10.15625,45,70.4750061,2.75970459
16.40625,44,70.4688644,2.75946426
10.15625,44,70.4433441,2.75846481
10.546875,44,70.43652,2.75819778
11.328125,45,70.44188,2.75840759
8.984375,44,70.4409,2.75836945
10.15625,45,70.4363251,2.75819016
12.109375,44,70.4363251,2.75819016
8.203125,45,70.441,2.75837326
7.428074,44,70.4409,2.75836945
11.3040867,45,70.43662,2.7582016
10.546875,44,70.4435349,2.75847244
8.984375,44,70.44373,2.75848
8.59375,45,70.4472351,2.7586174
14.84375,45,70.442955,2.75844955
8.984375,45,70.4470444,2.75860977
7.421875,44,70.44685,2.75860214
12.890625,45,70.40993,2.75715637
12.109375,44,70.38421,2.75614929
12.109375,44,70.3891754,2.75634384
7.8125,44,70.40525,2.75697327
8.203125,44,70.40116,2.756813
7.421875,44,70.40233,2.75685883
9.375,44,70.4068146,2.7570343
9.765625,44,70.40642,2.757019
8.25272751,44,70.40214,2.7568512
8.59375,44,70.40633,2.75701523
9.765625,44,70.38129,2.75603485
7.03125,44,70.3771,2.75587082
10.6026764,44,70.37583,2.75582123
14.7836571,44,70.37983,2.75597763
19.140625,45,70.37018,2.7556
14.0625,44,70.330246,2.754036
9.765625,45,70.33063,2.75405121
8.984375,44,70.31505,2.75344086
11.71875,45,70.31602,2.753479
11.71875,45,70.31203,2.7533226
19.9838753,44,70.34398,2.75457382
14.7956734,44,70.39853,2.75671
24.21875,46,70.32995,2.75402451
9.765625,45,70.3392,2.754387
8.984375,45,70.3233261,2.753765
9.375,44,70.32576,2.75386047
14.0625,44,70.32391,2.753788
15.234375,44,70.30287,2.752964
23.046875,45,70.31573,2.75346756
25,47,70.41733,2.75744629
12.109375,45,70.38772,2.75628662
25.390625,46,70.59366,2.764351
56.40244,48,71.60182,2.80382919
39.673912,45,72.26347,2.82973862
14.453125,47,72.2270355,2.828312
17.96875,46,72.2412643,2.82886887
27.34375,45,72.01116,2.81985855
16.796875,46,71.88852,2.81505585
17.1875,46,71.8726349,2.814434
25.78125,47,71.9568,2.81773
32.03125,46,71.92583,2.81651688
46.875,48,72.30098,2.83120728
30.46875,47,72.85099,2.852745
36.71875,48,72.7515259,2.84885025
27.34375,47,73.0484543,2.86047745
18.359375,48,73.15279,2.864563
31.640625,47,73.07076,2.861351
35.9375,48,73.19536,2.86623
29.6875,47,73.26852,2.86909485
23.828125,49,73.2323761,2.8676796
32.03125,48,73.27933,2.86951828
32.421875,49,73.38211,2.87354279
29.296875,48,73.44923,2.876171
21.875,47,73.4014,2.874298
24.609375,47,73.4954,2.87797928
20.703125,47,73.56077,2.880539
28.90625,49,73.58483,2.88148117
26.953125,47,73.6387,2.8835907
20.703125,49,73.7320251,2.88724518
93.359375,49,74.62017,2.92202377
39.84375,49,74.9189453,2.93372345
94.921875,50,75.4000854,2.95256424
63.28125,48,75.6170349,2.96105957
43.75,50,75.8260956,2.969246
21.484375,48,75.97768,2.97518158
19.140625,47,76.066124,2.97864532
24.28075,47,76.1729,2.98282623
38.9723549,50,76.24908,2.98580933
43.75,48,76.26544,2.9864502
12.890625,47,76.20456,2.984066
12.109375,47,76.36685,2.9904213
36.71875,47,76.4421539,2.99337
25.78125,47,76.63942,3.00109482
23.9521332,50,77.23328,3.02434921
24.4891815,47,77.20249,3.02314377
23.828125,47,77.67671,3.04171371
25,47,77.7374039,3.04409027
34.375,47,77.95659,3.05267334
29.6875,47,78.01436,3.05493546
19.53125,48,78.07768,3.057415
19.140625,48,78.2128,3.062706
18.359375,48,78.19263,3.06191635
22.265625,50,78.1601944,3.060646
31.640625,50,78.137886,3.05977249
18.75,49,78.22049,3.06300735
22.265625,48,78.36555,3.06868744
22.65625,48,78.43442,3.07138443
25.78125,48,78.44514,3.071804
33.203125,47,78.4857559,3.07339478
38.28125,47,77.3568,3.02918625
12.109375,48,77.35202,3.02899933
15.234375,47,77.3304,3.02815247
25.78125,47,77.32562,3.02796555
17.96875,48,77.4009247,3.03091431
17.96875,47,77.39908,3.03084183
17.578125,47,77.403656,3.031021
17.1875,48,77.4005356,3.030899
19.140625,48,77.36926,3.02967453
37.109375,48,77.40122,3.03092575
19.53125,48,77.6319046,3.039959
34.1269836,47,77.73234,3.043892
14.0204315,47,77.77043,3.04538345
17.578125,48,77.7978058,3.04645538
22.65625,47,77.7982941,3.04647446
16.40625,48,77.76,3.04497528
17.96875,47,77.75864,3.04492188
17.1875,47,77.7370148,3.044075
22.265625,49,77.72445,3.043583
30.078125,47,77.72094,3.04344559
17.1875,47,77.6358,3.04011154
12.109375,48,77.60112,3.03875351
16.40625,49,77.59235,3.03841019
14.84375,48,77.58982,3.038311
15.625,48,77.58631,3.03817368
14.453125,49,77.5603943,3.037159
14.0625,48,77.55865,3.0370903
17.96875,49,77.52289,3.03569031
15.625,49,77.52162,3.03564072
25,48,77.52124,3.03562546
20.3125,49,77.49922,3.03476334
20.3125,47,77.4963,3.034649
12.5,47,77.4925,3.03450012
13.671875,47,77.49649,3.03465652
13.671875,47,77.49649,3.03465652
29.296875,48,77.37112,3.029747
22.65625,49,77.51198,3.035263
13.671875,48,77.54014,3.03636551
14.0625,47,77.52474,3.03576279
25.78125,48,77.64856,3.04061127
16.40625,47,77.87164,3.049347
17.578125,47,77.99945,3.05435181
13.671875,47,78.24524,3.06397629
20.703125,48,78.55434,3.07608032
18.359375,47,78.58571,3.07730865
19.921875,47,78.61834,3.07858658
19.53125,47,78.681366,3.08105469
14.1121025,47,78.7030945,3.08190536
15.1622591,47,78.86412,3.088211
30.078125,47,78.8623657,3.0881424
13.671875,47,78.9995346,3.09351349
26.5625,49,79.1196442,3.098217
26.5625,47,79.24425,3.103096
15.625,47,79.45291,3.111267
16.40625,47,79.59592,3.116867
11.71875,47,79.60254,3.11712646
20.3125,47,79.76065,3.12331772
14.0625,47,79.63615,3.11844254
17.96875,47,79.77292,3.12379837
28.125,47,79.7711639,3.12372971
18.4337788,47,79.84842,3.12675476
17.8906269,47,79.94505,3.130539
19.140625,47,79.95723,3.13101578
30.46875,49,80.09683,3.13648224
35.546875,49,80.5392,3.15380478
23.046875,48,80.5378342,3.15375137
28.515625,48,80.76199,3.162529
40.625,50,80.96491,3.170475
25.4650288,48,81.19121,3.17933655
27.6322136,48,81.4857941,3.19087219
24.21875,48,81.73713,3.200714
17.96875,48,81.7822342,3.20248032
25,48,82.64846,3.2364006
24.609375,48,84.28623,3.30053329
42.578125,52,84.7399,3.31829834
31.640625,50,85.3695,3.34295273
23.828125,48,85.53268,3.34934235
14.0625,48,84.88164,3.32384872
21.484375,48,84.6758957,3.315792
32.8125,49,84.77565,3.31969833
23.4375,48,84.9723358,3.32740021
22.65625,48,85.32304,3.341133
21.875,49,85.26653,3.33892059
23.046875,48,85.40408,3.344307
26.5625,49,85.45503,3.346302
17.1875,48,85.44578,3.34593964
15.625,49,85.51007,3.34845734
36.328125,48,85.3816757,3.34342957
30.078125,48,84.52276,3.30979538
37.5,49,83.9028,3.28551865
17.96875,50,84.02428,3.29027557
42.1875,49,84.60897,3.31317139
44.140625,50,84.8077,3.32095337
40.625,48,84.9002457,3.32457733
37.109375,49,85.20204,3.33639526
39.84375,49,85.37534,3.34318161
48.046875,49,85.59054,3.35160828
73.828125,51,86.47946,3.38641739
56.25,51,86.5762,3.39020538
49.609375,50,86.62452,3.39209747
33.203125,51,86.5062561,3.38746643
27.734375,48,86.51492,3.387806
24.21875,50,86.50197,3.38729858
14.84375,49,86.47537,3.38625717
13.671875,48,86.51395,3.38776779
23.4375,48,86.55223,3.389267
21.484375,50,86.64273,3.39281082
14.0625,48,86.49145,3.3868866
12.5,48,86.5007,3.387249
34.765625,48,86.41965,3.38407516
14.0625,48,86.42793,3.38439941
10.15625,48,86.49544,3.387043
17.578125,48,86.4492645,3.38523483
19.140625,48,86.33909,3.38092041
16.796875,48,86.4065,3.38356018
17.578125,48,86.51463,3.38779449
18.75,48,86.66329,3.39361572
22.65625,48,86.608345,3.39146423
13.671875,48,86.7059555,3.39528656
28.90625,48,86.4887161,3.38677979
17.96875,48,86.4328,3.38459015
16.796875,48,86.46027,3.385666
14.453125,49,86.4481,3.385189
25,49,86.91258,3.40337753
10.15625,48,86.88715,3.402382
23.828125,48,86.9809647,3.40605545
17.96875,48,86.9531,3.40496445
18.75,49,87.02626,3.40782928
15.625,50,87.12436,3.41167068
36.328125,49,87.72835,3.43532181
18.359375,48,87.69113,3.43386459
14.453125,48,87.73808,3.43570328
14.84375,48,87.69941,3.43418884
27.34375,52,87.64125,3.43191147
16.796875,48,87.66658,3.43290329
16.40625,48,87.78563,3.43756485
12.5,48,87.77647,3.43720627
14.453125,48,87.86687,3.44074631
10.9375,48,87.91178,3.442505
30.078125,48,86.66446,3.3936615
14.453125,48,86.6339645,3.3924675
19.140625,47,86.65598,3.39332962
13.671875,47,86.5141449,3.38777542
24.609375,48,86.756424,3.39726257
11.7435513,47,86.74103,3.39665985
15.1923065,48,86.71901,3.39579773
14.0625,48,86.69573,3.394886
13.671875,47,86.85481,3.40111542
13.671875,48,87.02753,3.40787888
33.6991539,48,86.69329,3.39479065
27.2055264,48,87.1909943,3.41428
12.5,48,87.22772,3.415718
16.796875,48,87.2879257,3.41807556
23.046875,48,87.34238,3.420208
30.078125,51,87.51695,3.427044
36.71875,49,87.49007,3.425991
38.671875,49,87.7408142,3.43581
18.359375,50,87.79274,3.43784332
18.75,48,87.9685745,3.44472885
23.4375,50,88.09268,3.44958878
18.75,49,87.98474,3.445362
15.234375,48,87.96663,3.44465256
20.703125,48,88.11479,3.45045471
16.796875,48,88.20111,3.45383453
16.40625,48,88.17987,3.453003
25.78125,48,88.36214,3.46014023
33.984375,48,88.2473755,3.45564651
30.46875,48,87.25841,3.41691971
12.890625,49,87.47165,3.42527
43.359375,49,87.6137848,3.43083572
20.8643379,48,87.7332153,3.43551254
27.9146614,49,87.89844,3.44198227
32.421875,48,88.1245346,3.45083618
21.484375,49,88.22965,3.45495224
26.5625,48,88.38308,3.46096039
23.4375,49,88.70602,3.473606
23.4375,50,89.06266,3.48757172
28.7878819,51,89.1807251,3.49219513
33.06452,49,89.12393,3.48997116
34.375,49,89.3591,3.49917984
25.390625,49,88.6952057,3.47318268
17.578125,48,87.7116852,3.43466949
30.859375,49,88.10252,3.449974
24.609375,48,88.22819,3.454895
31.640625,49,88.90504,3.48139954
28.0303,50,88.75969,3.475708
41.12903,51,89.40303,3.50090027
21.09375,49,89.43479,3.50214386
28.125,49,89.3435059,3.49856949
38.671875,49,89.2854462,3.496296
27.734375,49,89.21609,3.49357986
19.140625,49,89.40605,3.50101852
30.078125,49,89.3325043,3.49813843
25.78125,49,89.114,3.489582
16.796875,49,88.89851,3.481144
21.875,49,88.88351,3.48055649
20.3125,49,88.5146942,3.466114
18.75,49,88.6812744,3.47263718
21.875,49,88.37714,3.46072769
36.71875,49,88.3188858,3.4584465
30.46875,51,88.66042,3.47182083
29.296875,50,88.84425,3.47901917
27.734375,50,88.94362,3.48291016
35.15625,49,89.27512,3.49589157
42.96875,50,89.45213,3.50282288
57.8125,52,89.93025,3.52154541
43.359375,49,90.0276642,3.52536
20.3125,49,90.01822,3.52499
27.734375,49,90.0235748,3.5252
39.84375,49,90.05543,3.5264473
21.09375,50,89.97087,3.52313614
42.1875,51,90.1214752,3.52903366
53.515625,50,90.1132,3.52870941
43.9112053,49,90.01714,3.52494812
52.14543,52,90.33307,3.53731918
33.203125,49,90.0886459,3.527748
26.6493073,49,89.99542,3.52409744
24.8978386,49,90.00107,3.5243187
34.1207848,49,89.94233,3.52201843
28.42548,49,90.01559,3.524887
22.65625,51,90.4286346,3.5410614
26.6493073,49,90.44061,3.54153061
49.02043,49,90.2584457,3.53439713
42.1875,51,90.51796,3.54455948
39.84375,51,90.63662,3.54920578
36.71875,50,90.56599,3.54644012
51.953125,52,90.95147,3.561535
53.125,50,91.21956,3.572033
55.859375,51,91.3574,3.57743073
59.765625,52,91.40689,3.57936859
66.015625,50,91.3424,3.57684326
45.3125,49,91.44459,3.58084488
24.21875,49,91.39725,3.578991
50,51,91.7130661,3.59135818
32.421875,49,91.67177,3.58974075
64.84375,52,91.7488251,3.59275818
73.4375,52,91.8513,3.59677124
46.484375,50,91.4889145,3.58258057
29.6875,51,91.36665,3.57779312
67.578125,50,83.87805,3.28454971
37.890625,52,83.87104,3.284275
38.28125,50,84.00489,3.28951645
46.09375,52,84.5248,3.30987549
46.484375,52,84.2678146,3.29981232
71.484375,53,84.850174,3.32261658
43.359375,50,85.01802,3.3291893
51.953125,51,85.34739,3.34208679
71.484375,52,85.34261,3.34189987
79.296875,52,85.91084,3.364151
37.5,49,85.75254,3.357952
29.6875,50,85.89584,3.36356354
58.59375,52,86.2066956,3.37573624
83.59375,53,86.4667053,3.38591766
45.703125,50,86.37182,3.38220215
46.875,52,86.46563,3.3858757
46.09375,51,86.25034,3.37744522
45.703125,51,86.38477,3.3827095
22.65625,49,86.19111,3.375126
14.453125,51,86.26992,3.378212
90.234375,53,86.61643,3.39178085
46.484375,51,86.45725,3.38554764
67.578125,52,86.82305,3.39987183
75.78125,50,87.38417,3.42184448
50.78125,51,87.51997,3.42716217
30.859375,50,87.51013,3.426777
30.078125,50,87.39459,3.42225266
42.578125,49,87.55835,3.42866516
54.296875,52,87.86755,3.440773
76.171875,53,87.802475,3.43822479
80.078125,50,87.96322,3.444519
45.3125,52,88.17013,3.45262146
55.078125,51,88.7706,3.47613525
42.578125,51,88.7463455,3.47518539
51.5625,52,89.1916351,3.49262238
51.953125,53,89.29802,3.496788
55.078125,52,89.5963058,3.50846863
52.34375,50,89.63741,3.51007843
30.078125,49,89.6762848,3.51160049
45.703125,52,89.77818,3.51559067
31.640625,52,89.74311,3.51421738
51.5625,50,89.89577,3.520195
55.078125,52,90.2335052,3.53342056
55.078125,53,90.60876,3.54811478
58.984375,52,90.7079239,3.55199814
62.890625,52,90.88367,3.55887985
31.640625,50,90.94669,3.561348
31.25,52,90.75215,3.55373
52.734375,50,89.7397,3.51408386
38.671875,51,89.85261,3.518505
62.109375,53,90.01169,3.5247345
59.375,52,89.9209,3.5211792
49.609375,51,89.97009,3.52310562
55.078125,52,89.77545,3.51548386
64.0625,53,89.73931,3.5140686
40.234375,52,89.78393,3.51581573
48.828125,50,89.85514,3.51860428
55.46875,52,90.10531,3.52840042
51.171875,52,90.2263947,3.533142
52.6923065,52,90.5152359,3.54445267
68.25397,53,90.66614,3.55036163
46.484375,50,90.5694,3.54657364
41.796875,53,90.77348,3.55456543
82.8125,53,91.15488,3.5695
72.65625,50,91.1615,3.56975937
53.125,53,91.21459,3.57183838
45.3125,51,91.37055,3.57794571
54.6875,53,91.74015,3.59241867
55.078125,51,91.79704,3.59464645
62.5,53,91.97882,3.60176468
82.8125,53,91.71921,3.59159851
42.578125,50,91.61341,3.58745575
25.390625,51,91.74366,3.592556
54.6875,53,91.90839,3.59900665
59.765625,53,91.94589,3.60047531
52.734375,52,91.81234,3.59524536
41.40625,51,91.60309,3.58705139
47.265625,53,91.38419,3.57847977
64.453125,53,91.73723,3.59230423
48.828125,51,91.61624,3.58756638
60.546875,54,91.680336,3.59007645
59.375,53,91.767334,3.593483
48.828125,53,92.22597,3.61144257
54.6875,53,92.0278244,3.60368347
50.390625,53,92.08861,3.60606384
64.0625,54,92.27847,3.61349869
59.375,54,92.44681,3.62009048
41.796875,51,92.49971,3.62216187
56.25,52,92.2737045,3.61331177
48.046875,53,92.25626,3.612629
81.640625,54,92.46863,3.620945
49.609375,51,92.52435,3.623127
50,53,92.54978,3.62412262
57.421875,51,92.84797,3.63579941
68.75,54,93.02702,3.64281082
72.265625,52,92.77881,3.633091
75.78125,54,93.15279,3.6477356
56.640625,53,93.055954,3.64394379
64.453125,53,92.61846,3.626812
73.046875,54,92.32348,3.615261
66.015625,51,92.37015,3.61708832
59.615387,54,92.39586,3.6180954
73.4375,55,92.5782242,3.62523651
71.875,54,92.56576,3.62474823
73.828125,54,92.61475,3.626667
67.578125,53,92.59722,3.62598038
72.265625,54,92.75328,3.63209152
87.890625,55,92.50682,3.62244034
69.140625,54,92.63132,3.62731552
66.40625,53,92.6646347,3.62862015
83.203125,55,92.97422,3.64074326
73.046875,53,93.02001,3.64253616
59.375,53,93.3121643,3.65397644
75.390625,55,92.26493,3.61296844
47.65625,51,91.503624,3.58315659
34.375,51,91.4443,3.58083344
44.140625,53,91.41595,3.57972336
58.984375,53,91.5933456,3.58667
53.125,54,91.5076141,3.583313
29.6875,51,91.463,3.58156586
75.78125,54,91.678,3.589985
62.109375,55,93.09463,3.64545822
84.375,54,92.12719,3.60757446
45.3125,51,92.2814941,3.613617
73.828125,54,92.29406,3.614109
91.796875,55,92.43785,3.61973953
74.21875,54,92.8677444,3.63657379
65.625,53,92.90545,3.63805
79.6875,53,92.18291,3.60975647
36.328125,51,92.00444,3.602768
48.046875,53,91.89281,3.5983963
59.765625,53,91.38838,3.5786438
42.3076935,52,91.3654861,3.57774734
40.625,51,91.38127,3.57836533
67.96875,53,91.4123459,3.57958221
51.171875,54,91.42267,3.57998657
30.078125,52,91.36461,3.577713
44.53125,50,91.28142,3.57445526
61.71875,54,91.5315857,3.5842514
63.671875,51,91.47021,3.58184814
63.28125,54,91.4453659,3.5808754
49.21875,52,90.75371,3.553791
50.78125,55,90.93588,3.56092453
94.140625,55,91.07801,3.56649017
60.546875,51,90.96628,3.56211472
62.109375,54,90.9103546,3.559925
86.71875,54,91.33821,3.57667923
73.4375,55,91.4776154,3.582138
47.65625,53,91.47226,3.58192825
37.890625,50,91.36363,3.57767487
70.703125,53,91.55058,3.58499527
68.359375,53,91.5898361,3.58653259
79.6875,55,91.749794,3.59279633
89.84375,54,92.31802,3.61504745
79.6875,54,92.10546,3.60672379
69.140625,54,92.299324,3.614315
93.75,54,92.06572,3.60516739
99.21875,55,92.421875,3.619114
99.609375,55,92.2359,3.61183167
98.4375,55,92.79585,3.63375854
61.71875,54,92.5380859,3.62366486
56.640625,52,92.59332,3.62582779
75.390625,55,92.0461349,3.60440063
85.9375,55,92.0127258,3.60309219
92.578125,55,92.07682,3.60560226
83.59375,52,91.99665,3.60246277
82.03125,55,92.13508,3.60788345
55.46875,53,92.36498,3.61688614
67.578125,54,92.62314,3.626995
64.453125,54,92.241066,3.61203384
90.625,55,92.3966446,3.618126
100,55,92.92065,3.63864517
97.58065,55,92.4076462,3.618557
68.359375,54,91.974144,3.60158157
66.015625,55,91.79441,3.59454346
68.359375,52,91.58205,3.58622742
48.828125,54,91.59422,3.58670425
71.875,55,91.72593,3.59186172
95.703125,55,91.83484,3.59612656
81.25,54,92.08462,3.60590744
73.828125,55,91.87819,3.597824
68.75,55,92.2159348,3.61104965
100,56,92.7677,3.632656
56.25,55,92.70399,3.63016129
74.609375,55,92.6824646,3.62931824
89.84375,56,92.30955,3.61471558
97.265625,56,92.77413,3.63290787
87.890625,56,93.0551758,3.64391327
94.140625,56,93.25352,3.65168
80.078125,55,93.10847,3.646
92.578125,56,93.00228,3.641842
91.796875,56,93.1674042,3.6483078
74.609375,55,93.28771,3.653019
71.875,56,93.2219543,3.650444
62.5,56,92.87661,3.636921
80.46875,55,92.79926,3.633892
85.9375,56,92.98338,3.64110184
68.359375,55,92.95562,3.64001465
72.65625,56,92.90905,3.63819122
66.015625,54,93.0167,3.64240646
72.65625,56,93.34158,3.65512848
88.257576,57,93.32414,3.65444565
91.1290359,56,93.42526,3.6584053
63.671875,55,93.37997,3.65663147
79.23077,56,93.13262,3.646946
81.349205,55,92.88733,3.63734055
90.234375,57,93.06541,3.64431381
77.734375,55,93.25605,3.65177917
85.15625,55,93.39243,3.65711975
71.09375,55,93.2286758,3.65070724
75,56,93.2693939,3.65230179
67.1875,56,93.20851,3.6499176
75.390625,56,93.19458,3.649372
60.9375,56,92.81475,3.6344986
69.921875,53,92.85713,3.636158
63.28125,55,92.79955,3.6339035
73.4375,55,92.86765,3.63657
78.90625,54,92.83073,3.63512421
79.6875,55,93.0116348,3.642208
78.125,55,93.0701752,3.64450073
81.25,56,93.08694,3.64515686
76.171875,55,93.28956,3.65309143
83.59375,56,93.07768,3.64479446
72.65625,56,93.01611,3.64238358
94.921875,55,93.49082,3.6609726
61.328125,54,93.19468,3.649376
67.96875,56,93.43384,3.658741
66.796875,55,93.4427948,3.659092
79.296875,56,91.22287,3.57216263
86.328125,57,90.9530258,3.561596
80.078125,55,89.6470642,3.510456
45.3125,52,87.96555,3.4446106
35.15625,52,87.88392,3.44141388
66.796875,52,87.97763,3.44508362
62.5,55,88.15483,3.45202255
73.4375,55,88.3705139,3.46046829
56.640625,55,88.46579,3.464199
65.234375,55,88.58337,3.46880341
91.40625,55,88.9857941,3.484562
58.984375,55,88.95686,3.483429
89.453125,55,89.147995,3.49091339
92.1875,56,89.24239,3.49460983
85.9375,56,89.70989,3.51291656
79.296875,55,90.14457,3.52993774
87.5,55,90.8482056,3.5574913
70.703125,53,90.76297,3.55415344
77.734375,55,90.69478,3.55148315
61.71875,56,90.66711,3.55039978
75.390625,56,91.25658,3.57348251
79.6875,54,91.48589,3.58246231
86.328125,56,91.38477,3.57850266
87.5,53,91.49398,3.582779
83.59375,56,91.50596,3.58324814
86.71875,56,91.793045,3.59449
71.484375,55,91.78662,3.59423828
65.625,55,91.73801,3.59233475
79.296875,55,91.88433,3.59806442
94.921875,56,91.90274,3.5987854
57.03125,55,92.21067,3.61084366
85.546875,56,92.32952,3.61549759
91.40625,56,91.97736,3.60170746
78.90625,55,91.45102,3.58109665
73.046875,53,91.69797,3.590767
56.25,55,91.66446,3.58945465
65.625,55,92.34823,3.61623
56.640625,55,92.45538,3.62042618
82.8125,56,92.64096,3.62769318
63.671875,55,92.8846,3.63723373
75.390625,53,92.42168,3.61910629
46.09375,55,92.5242538,3.62312317
98.828125,56,92.187294,3.60992813
92.1875,56,92.54433,3.623909
87.890625,56,93.0192261,3.64250565
98.9436646,56,93.79846,3.67301941
65.49539,54,93.54606,3.66313553
79.296875,56,93.95531,3.679161
79.6875,54,92.28929,3.613922
71.875,55,92.8677444,3.63657379
77.34375,54,92.86804,3.63658524
50.390625,54,94.82932,3.71338654
73.828125,56,93.53281,3.66261673
80.859375,54,93.46111,3.659809
67.1875,56,93.47446,3.66033173
66.40625,56,93.515564,3.66194153
84.375,56,93.698616,3.66910934
44.53125,52,93.67075,3.66801834
61.71875,55,93.47991,3.66054535
37.890625,53,93.47173,3.660225
44.140625,54,93.53378,3.66265488
45.703125,52,93.50661,3.66159058
68.75,55,93.69063,3.66879654
58.0295143,53,93.9365,3.67842484
61.88702,55,93.89072,3.676632
50,52,93.72189,3.670021
47.65625,55,93.71634,3.66980362
26.953125,54,93.8006058,3.67310333
58.59375,55,94.0025558,3.6810112
33.59375,52,94.1120453,3.685299
28.90625,53,94.35296,3.69473267
58.203125,54,94.29412,3.69242859
71.484375,55,94.29529,3.69247437
55.078125,55,93.71956,3.6699295
48.046875,55,94.20888,3.68909073
59.375,55,94.7558746,3.71051025
17.81984,53,92.31793,3.61504364
23.9942551,54,92.58768,3.62560654
49.3589745,55,93.10437,3.64583969
23.828125,52,92.9563,3.64004135
31.640625,52,92.39089,3.61790085
25.78125,52,92.3709259,3.61711884
25.78125,52,92.38446,3.617649
19.53125,52,92.46776,3.62091064
44.140625,54,92.9076843,3.63813782
41.796875,52,92.73682,3.63144684
49.609375,54,92.83891,3.63544464
40.384613,53,92.73468,3.631363
63.51352,53,92.72026,3.63079834
51.953125,54,92.7515259,3.63202286
42.96875,54,92.92619,3.63886261
85.56338,55,92.56186,3.62459564
61.84211,54,92.77189,3.63282013
64.453125,53,92.91957,3.63860321
30.859375,54,92.87505,3.63686
55.078125,54,93.047,3.64359283
55.859375,54,93.24806,3.65146637
60.0000038,56,93.33301,3.65479279
37.06897,54,93.29151,3.65316772
51.953125,54,93.5110855,3.661766
75,54,93.36964,3.656227
67.96875,55,93.39292,3.65713882
49.609375,54,93.42146,3.65825653
32.421875,54,93.64552,3.66703033
64.453125,55,93.6880951,3.66869736
40.625,54,93.7715759,3.67196655
45.2205849,55,93.9205246,3.67779922
36.9897957,55,93.81084,3.67350388
19.3990345,53,94.1768341,3.68783569
50.390625,54,93.94644,3.678814
55.46875,55,93.88585,3.67644119
57.421875,54,94.02418,3.681858
32.8125,53,93.9817047,3.68019485
28.125,53,94.11682,3.68548584
38.28125,54,94.09558,3.68465424
65.234375,54,93.92179,3.67784882
66.53847,55,94.09052,3.68445587
81.53846,55,94.34507,3.69442368
47.17742,55,94.4418,3.69821167
57.8125,55,94.18648,3.68821335
83.984375,55,94.55412,3.70261
81.25,53,94.16816,3.68749619
17.1875,54,94.3359146,3.694065
78.90625,55,94.57214,3.70331573
37.890625,55,94.35247,3.69471359
76.953125,54,94.404686,3.69675827
30.859375,55,94.2886658,3.692215
84.375,56,94.22291,3.68964
69.921875,55,94.6657639,3.70698166
64.35185,56,93.72287,3.6700592
93.359375,56,94.23586,3.6901474
73.828125,56,94.42476,3.697544
72.65625,56,94.31243,3.69314575
79.296875,56,94.08838,3.684372
41.40625,55,93.08723,3.6451683
70.703125,56,93.2870255,3.65299225
75.390625,55,93.312355,3.653984
64.453125,54,93.45448,3.65954971
29.296875,55,93.57168,3.66413879
90.625,57,93.46277,3.659874
55.46875,55,93.5361252,3.66274643
64.453125,56,93.63588,3.66665268
81.25,56,93.565155,3.66388321
68.359375,56,93.64718,3.66709518
69.140625,56,94.06675,3.683525
83.203125,55,93.7024155,3.669258
42.578125,57,93.79944,3.67305756
98.046875,56,93.8114243,3.67352676
55.859375,56,93.81074,3.6735
91.796875,56,93.9741058,3.67989731
57.8125,57,93.89218,3.67668915
88.671875,56,94.07727,3.683937
29.296875,55,93.94771,3.67886353
60.546875,55,94.09179,3.68450546
69.53125,56,94.03402,3.68224335
70.703125,53,93.97274,3.679844
29.296875,55,94.0308,3.68211746
79.6875,56,93.78765,3.672596
80.02232,53,93.93212,3.67825317
45.8894272,56,93.84542,3.674858
58.59375,55,93.9488754,3.6789093
52.34375,55,93.9892044,3.68048859
73.046875,55,94.15745,3.68707657
68.75,56,94.2168655,3.68940353
48.4375,55,93.9595947,3.679329
61.71875,56,93.92101,3.6778183
72.265625,56,93.95833,3.67927933
68.359375,56,93.9164352,3.677639
89.0625,57,94.027,3.68196869
57.8125,56,94.18229,3.68804932
75.390625,56,94.075325,3.68386078
34.765625,55,94.02613,3.68193436
58.59375,56,94.24054,3.69033051
64.453125,55,93.85643,3.67528915
60.15625,56,93.5823,3.6645546
72.265625,56,93.4276,3.65849686
28.125,54,93.28908,3.65307236
54.296875,55,92.4689255,3.62095642
57.421875,56,91.44011,3.5806694
80.078125,55,91.25969,3.57360458
19.53125,54,91.14601,3.56915283
51.171875,55,91.248,3.57314682
43.55159,55,91.32379,3.57611465
64.21875,56,91.29145,3.57484818
63.671875,55,91.4600754,3.58145142
79.296875,56,91.56451,3.58554077
53.90625,56,91.7425842,3.592514
79.6875,56,91.7889557,3.59432983
53.125,55,91.4816055,3.58229446
76.171875,56,91.4708939,3.58187485
69.53125,56,91.51395,3.583561
67.578125,56,91.7604141,3.59321213
54.296875,56,91.79607,3.59460831
75.390625,56,91.9663544,3.6012764
68.75,55,92.07799,3.605648
68.359375,55,92.0927048,3.606224
58.203125,56,92.30244,3.614437
86.328125,57,92.62284,3.62698364
47.265625,55,91.97843,3.60174942
72.265625,56,91.93498,3.600048
83.59375,57,91.97103,3.6014595
62.5,57,92.1974258,3.61032486
87.890625,56,92.6169,3.626751
58.59375,57,93.06755,3.64439774
69.140625,56,92.47584,3.62122726
89.0625,57,92.4774,3.6212883
98.046875,58,92.64174,3.62772369
85.546875,57,93.04008,3.643322
100,57,92.69415,3.629776
100,57,92.74345,3.63170624
100,57,92.8202057,3.63471222
82.66741,57,92.96945,3.64055634
97.86275,57,92.8055954,3.63414
82.49715,54,93.0340347,3.64308548
57.421875,57,93.14811,3.64755249
95.703125,57,93.13194,3.64691925
68.359375,56,93.0480652,3.6436348
89.0625,57,93.23764,3.6510582
46.875,56,92.59683,3.625965
59.765625,56,92.70564,3.63022614
63.28125,56,92.97403,3.64073563
78.515625,57,93.67923,3.66835022
56.640625,57,92.7258148,3.63101578
80.078125,57,92.7116852,3.63046265
53.90625,56,93.24436,3.65132141
98.828125,57,93.19731,3.649479
97.65625,58,93.2011,3.64962769
100,57,93.1676941,3.64831924
92.578125,57,93.45556,3.65959167
98.4375,57,92.83979,3.635479
100,57,92.41408,3.61880875
100,58,92.43755,3.619728
100,57,93.015625,3.6423645
100,58,92.96204,3.64026642
79.6875,57,93.47826,3.6604805
99.609375,58,92.66911,3.62879562
100,58,92.22607,3.61144638
98.046875,58,92.6507,3.62807465
90.625,58,92.48607,3.62162781
100,58,92.56556,3.6247406
99.609375,58,93.02439,3.64270782
94.140625,58,92.92308,3.63874054
95.3125,58,92.90223,3.63792419
63.28125,57,92.63814,3.62758255
91.015625,58,92.60161,3.626152
82.421875,58,92.65996,3.628437
91.015625,58,89.88037,3.51959229
63.3333321,57,87.63843,3.43180084
63.0952377,58,86.96391,3.40538788
77.34375,58,85.54514,3.34983063
96.09375,58,85.38713,3.34364319
93.75,59,85.1246948,3.33336639
86.71875,59,84.20333,3.297287
97.265625,58,83.95404,3.28752518
81.25,58,82.81875,3.2430687
92.1875,59,81.45472,3.1896553
99.609375,59,81.28015,3.18281937
100,59,81.1265259,3.17680359
100,59,80.78693,3.16350555
100,59,80.66925,3.1588974
100,59,80.5153351,3.15287018
100,59,80.55342,3.15436172
100,59,80.03945,3.13423538
100,59,80.6960449,3.15994644
100,59,81.1094742,3.176136
100,59,81.0471344,3.17369461
100,59,81.03105,3.17306519
100,59,79.8350754,3.12623215
87.109375,58,74.7376556,2.9266243
63.28125,58,69.83118,2.73449326
80.859375,58,61.5337257,2.40957642
53.125,57,61.8142853,2.42056274
55.859375,57,61.9131622,2.42443466
66.015625,57,61.6264648,2.413208
67.578125,55,61.4081573,2.40465927
27.34375,57,61.8147736,2.42058182
53.515625,57,61.9715157,2.42671967
50,57,62.0277252,2.42892075
68.359375,57,61.9796028,2.42703629
76.171875,58,61.166172,2.39518356
85.546875,57,59.6193924,2.3346138
55.46875,56,57.37813,2.246849
58.984375,57,56.44858,2.21044922
57.421875,57,56.59695,2.216259
55.46875,56,56.6845245,2.21968842
69.140625,56,56.9493027,2.23005676
55.46875,57,56.9324532,2.22939682
54.1604652,54,55.34651,2.16729355
28.0048065,55,55.42162,2.17023468
58.984375,55,55.4462662,2.1711998
61.71875,56,55.38733,2.168892
50.78125,55,53.59243,2.098606
43.75,55,53.6307144,2.10010529
52.734375,56,53.830513,2.10792923
54.296875,56,53.6102562,2.0993042
50.390625,55,53.8122,2.107212
51.953125,55,53.87679,2.10974121
50.78125,54,54.03402,2.11589813
53.90625,55,54.0837975,2.11784744
62.5,55,53.524334,2.09593964
55.46875,55,53.71722,2.10349274
58.59375,55,53.9021149,2.110733
62.5,55,54.4092674,2.13059235
57.421875,55,54.4399529,2.131794
20.0024776,53,54.782177,2.145195
27.75622,55,55.04296,2.155407
26.08173,53,55.3414459,2.16709518
18.359375,53,55.23351,2.1628685
17.1875,53,55.1734,2.16051483
16.015625,52,55.3425179,2.16713715
13.28125,52,55.4227867,2.17028046
25,53,55.4999428,2.1733017
30.46875,52,55.4766579,2.17239
18.359375,52,55.0423775,2.155384
21.09375,52,54.94457,2.151554
19.921875,53,55.0733528,2.15659714
16.015625,52,55.36765,2.16812134
35.546875,52,55.2742271,2.164463
34.375,53,54.3243179,2.127266
21.09375,51,54.0800972,2.11770248
21.09375,52,53.97664,2.11365128
11.328125,51,53.8613968,2.10913849
12.890625,52,53.78424,2.10611725
12.3858156,51,53.78288,2.10606384
11.8055525,52,53.7086449,2.103157
12.9402275,50,53.6586723,2.1012
11.328125,50,53.4361725,2.09248734
12.4896946,49,53.36116,2.08955
13.2271652,50,53.2996941,2.087143
12.9588308,49,53.2486458,2.085144
12.5,50,53.2226372,2.08412552
12.4759617,49,53.1871758,2.082737
10.8112993,50,53.16019,2.0816803
14.453125,50,52.89863,2.07143784
13.2391815,50,52.9252243,2.07247925
13.671875,50,52.97598,2.07446671
11.71875,49,52.9591255,2.07380676
11.328125,50,52.93263,2.07276917
13.28125,50,52.93107,2.07270813
16.5805283,50,53.06375,2.07790375
17.032486,50,53.31976,2.08792877
16.40625,50,53.5158577,2.09560776
13.7400808,50,53.546936,2.09682465
14.7896652,49,53.5393372,2.096527
13.671875,49,53.53437,2.09633255
14.453125,49,53.51985,2.09576416
19.4891815,49,53.51615,2.0956192
17.578125,50,53.5143967,2.09555054
16.53846,50,53.49024,2.09460449
13.8888836,50,53.4903374,2.09460831
15.27158,52,53.4925766,2.094696
13.6237984,51,53.4917,2.09466171
16.015625,51,53.497448,2.09488678
12.5,49,53.50261,2.095089
14.84375,49,53.5091362,2.09534454
16.505455,49,53.5133247,2.09550858
13.6478367,49,53.51323,2.09550476
13.24519,49,53.51839,2.095707
14.4965286,49,53.52112,2.09581375
12.4519234,49,53.4955978,2.0948143
17.96875,51,53.481472,2.09426117
13.671875,49,53.50222,2.0950737
11.7683525,49,53.4994926,2.094967
13.6298065,51,53.524334,2.09593964
14.453125,49,53.5321274,2.09624481
14.84375,49,53.5356331,2.09638214
13.6966763,49,53.54606,2.09679031
12.8605785,49,53.5435257,2.09669113
14.0625,49,53.55648,2.09719849
14.0625,49,53.5616455,2.09740067
17.96875,50,53.60519,2.09910583
16.40625,49,53.62711,2.09996414
11.71875,49,53.6044121,2.09907532
11.328125,49,53.61035,2.099308
12.5,49,53.6043129,2.0990715
19.53125,48,53.6125946,2.09939575
14.0625,49,53.61951,2.0996666
13.3184547,48,53.6483459,2.10079575
12.5011444,48,53.63646,2.10033035
13.6057673,48,53.6461067,2.100708
12.890625,48,53.6494179,2.10083771
14.453125,49,53.6192169,2.09965515
12.5,49,53.6312,2.10012436
11.71875,48,53.6509743,2.10089874
12.109375,48,53.63617,2.100319
12.5,48,53.6212654,2.09973526
13.3308525,48,53.63042,2.10009384
14.4230785,49,53.61727,2.09957886
17.1875,49,53.64172,2.10053635
13.0769253,48,53.63656,2.10033417
16.7242641,48,53.670166,2.10165024
12.5011444,48,53.6690941,2.10160828
13.671875,48,53.64815,2.100788
14.4965286,48,53.64698,2.10074234
13.2391815,48,53.6529236,2.100975
12.4338923,48,53.6529236,2.100975
19.921875,48,53.6329536,2.100193
13.2998524,48,53.6076241,2.0992012
16.04777,48,53.62214,2.09976959
14.80769,49,53.57801,2.09804153
14.1245,49,53.55229,2.09703445
18.7079315,49,53.454,2.09318542
13.671875,48,53.4425049,2.09273529
13.671875,48,53.43169,2.09231186
13.28125,48,53.42604,2.09209061
12.92783,48,53.2843,2.08654022
8.984375,47,53.2694931,2.08596039
12.8665867,47,53.2519569,2.08527374
7.03125,47,53.25751,2.08549118
11.328125,48,53.27787,2.08628845
26.171875,48,53.2916069,2.08682632
8.984375,48,53.2805023,2.08639145
11.3591251,48,53.28703,2.086647
8.185095,48,53.29716,2.08704376
10.546875,49,53.26881,2.08593369
29.4394855,48,53.2843971,2.086544
6.61658669,48,53.2947235,2.08694839
14.84375,49,53.3184929,2.08787918
20.3869038,48,53.26686,2.08585739
14.1196365,48,53.2799149,2.08636856
19.4187813,48,53.33642,2.088581
8.991533,47,53.36311,2.08962631
16.015625,48,53.36662,2.08976364
15.1442289,48,53.38318,2.09041214
15.234375,48,53.43023,2.09225464
14.84375,50,53.454,2.09318542
19.140625,50,53.52599,2.09600449
18.359375,51,53.5326157,2.096264
13.28125,50,53.5500526,2.09694672
14.453125,50,53.5487862,2.09689713
11.328125,50,53.55512,2.097145
8.59375,50,53.55434,2.09711456
11.71875,50,53.5801544,2.09812546
18.4615364,48,53.3562927,2.08935928
16.40625,49,53.46082,2.09345245
14.0625,49,53.4848824,2.09439468
12.109375,48,53.50563,2.09520721
7.421875,48,53.513813,2.09552765
7.421875,48,53.506897,2.09525681
12.890625,48,53.57655,2.09798431
6.646824,48,53.58132,2.09817123
11.2800484,48,53.564373,2.09750748
11.328125,48,53.5544357,2.09711838
9.765625,48,53.5671,2.09761429
14.453125,48,53.5633,2.09746552
7.69831562,48,53.56905,2.09769058
10.1810513,48,53.5730438,2.097847
7.118058,48,53.57324,2.09785461
7.00721169,48,53.57226,2.09781647
12.4519234,47,53.6004181,2.098919
9.393602,48,53.61688,2.0995636
17.15144,48,53.53992,2.09655
8.984375,48,53.54528,2.0967598
23.4375,48,53.47212,2.093895
18.2356529,47,53.5390434,2.09651566
19.0625019,47,53.536026,2.0963974
11.71875,48,53.5430374,2.096672
10.8894234,47,53.58337,2.09825134
10.546875,48,53.6098671,2.099289
10.546875,48,53.6525345,2.10095978
8.59375,48,53.64562,2.100689
11.71875,48,53.65185,2.100933
10.9375,48,53.6539955,2.101017
7.03125,48,53.6566277,2.10112
9.406,48,53.6464958,2.10072327
7.4098587,48,53.6540947,2.10102081
12.5,48,53.67806,2.10195923
9.375,48,53.65809,2.10117722
7.8125,48,53.66364,2.10139465
9.663463,48,53.681076,2.10207748
6.622595,47,53.680397,2.10205078
15.234375,48,53.6280823,2.10000229
15.625,47,53.56603,2.09757233
18.75,48,53.58103,2.09815979
10.15625,48,53.6124954,2.099392
10.546875,48,53.5907745,2.09854126
9.765625,48,53.5963249,2.0987587
12.2271833,47,53.6045074,2.09907913
10.15625,48,53.593502,2.098648
6.97716475,48,53.59428,2.09867859
12.890625,47,53.6024628,2.098999
11.328125,47,53.61084,2.099327
8.59375,48,53.6186333,2.09963226
10.9375,48,53.6177559,2.099598
5.078125,47,53.6045074,2.09907913
19.6242561,47,53.61795,2.09960556
14.0324535,47,53.54382,2.09670258
14.84375,47,53.5201454,2.0957756
14.1679049,48,53.58756,2.09841537
11.2680321,47,53.6002235,2.09891129
12.109375,47,53.6043129,2.0990715
9.375,47,53.63432,2.10024643
7.8125,47,53.678936,2.10199356
12.109375,48,53.6868248,2.10230255
12.109375,47,53.68809,2.10235214
14.453125,49,53.5665169,2.0975914
12.5,48,53.57041,2.097744
10.9375,47,53.57947,2.09809875
9.765625,48,53.58522,2.09832382
10.546875,48,53.6006126,2.09892654
14.453125,47,53.5914536,2.098568
12.890625,47,53.5934029,2.09864426
10.9375,48,53.6005135,2.09892273
8.59375,48,53.6404533,2.10048676
6.640625,47,53.6287651,2.100029
12.6923084,48,53.6312981,2.10012817
8.333331,47,53.6379242,2.10038757
12.5,46,53.6095734,2.0992775
17.96875,47,53.6602325,2.10126114
16.015625,48,53.62224,2.09977341
5.859375,48,53.6352921,2.10028458
18.75,48,53.6078224,2.09920883
22.65625,49,53.72102,2.10364151
24.21875,49,53.7717743,2.105629
20.3125,50,53.6802025,2.10204315
14.0625,48,53.6573067,2.1011467
10.15625,48,53.66656,2.101509
8.203125,49,53.72336,2.103733
13.671875,49,53.7283249,2.10392761
8.59375,47,53.8391838,2.10826874
10.15625,47,53.8459053,2.108532
10.15625,47,53.8348,2.108097
10.5654774,47,53.8490257,2.108654
14.0144234,48,53.851265,2.10874176
13.671875,47,53.8625641,2.10918427
14.84375,47,53.82584,2.10774612
17.578125,47,53.8206749,2.107544
23.828125,47,53.6207771,2.09971619
17.99975,48,53.5940857,2.098671
11.3412857,48,53.6039238,2.09905624
18.6718769,48,53.6273041,2.09997177
24.6589775,47,53.618927,2.09964371
22.2055321,48,53.5540466,2.097103
22.3152275,48,53.68429,2.10220337
11.3100948,48,53.69335,2.10255814
14.453125,48,53.62097,2.09972382
17.578125,48,53.7298851,2.10398865
16.40625,48,53.7923279,2.10643387
10.9375,47,53.78093,2.10598755
14.84375,47,53.7907677,2.10637283
14.453125,47,53.78989,2.1063385
9.765625,47,53.79038,2.10635757
12.109375,47,53.7920341,2.10642242
9.375,47,53.83597,2.10814285
8.203125,47,53.8515549,2.1087532
9.765625,47,53.85,2.10869217
10.546875,47,53.84396,2.10845566
13.671875,47,53.8245735,2.10769653
8.59375,48,53.8340225,2.10806656
7.8125,47,53.83519,2.10811234
9.765625,48,53.84532,2.108509
7.421875,47,53.8700676,2.109478
10.546875,47,53.84532,2.108509
16.796875,47,53.83675,2.10817337
10.546875,47,53.7916451,2.10640717
10.15625,47,53.80285,2.10684586
20.3125,47,53.8521423,2.108776
16.40625,48,54.0322647,2.11582947
16.40625,48,54.0593452,2.11689
13.28125,47,54.04376,2.1162796
13.28125,48,54.0016747,2.11463165
16.015625,47,54.0115128,2.115017
15.234375,48,54.0043068,2.11473465
12.109375,47,54.00859,2.1149025
11.71875,47,53.9698219,2.11338425
15.234375,47,53.9862823,2.114029
20.703125,48,54.0156059,2.11517715
14.0625,48,53.9771271,2.11367035
12.5,47,53.9635849,2.11314
10.9375,48,53.98044,2.1138
10.9375,48,53.9706955,2.11341858
10.9375,48,53.9684563,2.11333084
17.96875,49,53.9698219,2.11338425
13.671875,48,53.947998,2.11252975
19.140625,49,53.95784,2.112915
18.359375,49,53.965435,2.11321259
14.453125,49,53.96417,2.113163
15.234375,49,53.93894,2.112175
17.7704334,48,53.9383545,2.112152
12.46394,48,53.93582,2.112053
12.6674118,49,53.943615,2.112358
14.84375,47,53.9279327,2.111744
14.4965286,47,53.9366,2.11208344
16.3401432,47,53.9402046,2.11222458
12.5,47,53.9398155,2.11220932
14.6153812,48,53.65468,2.1010437
15.7692318,48,53.4300346,2.092247
14.453125,47,53.4464,2.09288788
16.40625,47,53.4757233,2.094036
10.9375,47,53.51177,2.09544754
19.9999924,47,53.56895,2.09768677
17.96875,47,53.53953,2.09653473
18.75,47,53.5845375,2.098297
21.3040829,47,53.5859032,2.09835052
21.72476,48,53.5148849,2.09556961
17.1875,48,53.53885,2.096508
25.85336,47,53.7126427,2.10331345
15.6934738,49,53.74138,2.10443878
21.53846,49,53.7183876,2.10353851
15.234375,47,53.6597443,2.101242
13.671875,48,53.7105,2.10322952
17.1875,47,53.9093246,2.11101532
16.796875,47,53.6865349,2.102291
10.9375,47,53.6893578,2.10240173
16.40625,47,53.8569145,2.108963
13.28125,48,53.91254,2.1111412
17.1875,47,53.85253,2.10879135
22.265625,48,53.7660255,2.105404
11.71875,47,53.809082,2.10709
39.453125,48,54.2252464,2.12338638
28.515625,47,54.25496,2.12454987
20.3125,48,54.3267555,2.1273613
13.671875,48,54.5925064,2.13776779
17.96875,48,54.5446739,2.13589478
12.890625,48,54.5830574,2.13739777
21.875,48,54.8077965,2.14619827
19.2150288,48,54.8253326,2.146885
12.0612984,48,54.81705,2.14656067
13.4615364,48,54.8372154,2.14735031
15.7692318,48,55.0412064,2.15533829
16.015625,48,55.212368,2.16204071
13.28125,48,55.268383,2.16423416
18.75,48,55.1226463,2.15852737
14.84375,49,55.1022873,2.15773
8.984375,49,55.1121254,2.15811539
14.84375,50,54.96561,2.152378
9.765625,48,54.9664879,2.15241241
28.5576935,48,53.9372826,2.11211014
12.0432673,48,53.97859,2.11372757
10.546875,48,54.01551,2.11517334
7.421875,47,54.00528,2.1147728
12.5,48,54.01629,2.11520386
10.9561024,48,54.0220375,2.115429
9.350962,47,54.03012,2.11574554
8.203125,48,54.0534019,2.11665726
23.4375,48,54.21726,2.12307358
17.96875,48,54.2728844,2.12525177
11.742425,48,54.24736,2.12425232
13.7096767,48,54.24132,2.12401581
